Quantity,UnitPrice,CustomerID,InvoiceDate,Description,StockCode,InvoiceNo
9,22.27,59972,2025-05-16 03:21:46,Early item,P007,109600
6,12.13,63799,2025-06-10 22:54:24,Eat item,P005,224166
3,18.71,90398,2024-11-01 08:51:16,Us item,P004,899053
6,21.22,47904,2024-12-27 11:53:28,Situation item,P013,601601
5,20.37,16553,2024-08-09 02:03:14,Ready item,P009,900911
4,22.4,43828,2024-09-11 14:42:11,Pattern item,P019,129096
217,11.4,44358,2024-08-01 17:00:16,Question item,P002,843588
3,11.4,13825,2025-05-29 03:22:03,Question item,P002,993163
1,10.52,92919,2024-09-25 15:00:32,Care item,P008,642186
3520,67.65,50729,2024-12-16 12:30:30,Our item,P001,662928
4,26.98,65520,2025-06-23 01:32:29,Star item,P003,641348
3,25.52,63799,2025-02-08 03:44:35,Job item,P015,685975
1,28.38,90398,2024-08-29 20:27:29,Stuff item,P006,281287
4,22.4,67121,2024-08-29 07:48:48,Pattern item,P019,475772
260,24.73,50729,2025-07-10 14:29:11,Charge item,P000,386467
4,18.71,16553,2024-09-12 05:45:43,Us item,P004,528394
89,12.13,11881,2025-05-09 21:01:40,Eat item,P005,545632
1,18.71,82974,2024-10-19 19:37:54,Us item,P004,272620
7,28.38,68077,2024-12-12 00:02:37,Stuff item,P006,339922
1,26.76,16553,2025-02-26 00:07:44,Late item,P010,462512
6,22.49,93038,2025-02-23 00:37:57,Its item,P017,681023
4,12.13,75208,2025-07-13 08:27:52,Eat item,P005,377586
1,12.13,52844,2025-03-24 03:03:38,Eat item,P005,229400
2,22.27,52844,2024-08-15 07:09:25,Early item,P007,365518
1,10.52,27145,2025-01-07 01:23:34,Care item,P008,808649
268,10.52,50729,2024-10-10 08:29:24,Care item,P008,485275
2,20.48,66536,2024-11-27 02:42:12,Role item,P014,252716
5,11.4,35203,2025-05-31 06:36:33,Question item,P002,302950
5,20.48,50438,2024-11-14 14:55:28,Role item,P014,663365
2,25.52,67121,2024-11-29 16:52:48,Job item,P015,750945
2,20.48,82974,2024-09-29 03:26:59,Role item,P014,911129
1,28.38,63799,2024-12-13 22:50:48,Stuff item,P006,407725
2,25.52,51803,2025-07-13 21:41:27,Job item,P015,300936
3,22.49,52844,2024-10-07 13:18:00,Its item,P017,277960
2,25.52,82974,2025-05-07 15:57:26,Job item,P015,113228
425,13.53,51254,2025-07-06 20:06:35,Our item,P001,170539
1,22.27,93038,2024-11-16 23:08:41,Early item,P007,367313
5,28.38,63010,2024-11-11 14:30:17,Stuff item,P006,738457
4,26.76,89771,2024-12-20 10:51:34,Late item,P010,627477
478,10.52,31211,2025-06-19 17:12:03,Care item,P008,340582
3,22.27,75208,2025-02-25 11:30:31,Early item,P007,112389
1,26.98,45910,2024-10-19 04:29:44,Star item,P003,849894
1,20.48,63799,2025-05-30 02:41:33,Role item,P014,400527
114,11.4,51254,2024-10-02 14:11:14,Question item,P002,462115
5,10.52,38931,2024-11-02 09:13:18,Care item,P008,802573
3,10.52,75208,2024-09-10 22:38:48,Care item,P008,156085
6,28.38,89121,2025-02-27 23:30:09,Stuff item,P006,479198
3,25.52,82974,2025-06-16 11:21:05,Job item,P015,328005
7,22.49,47904,2025-03-31 22:09:24,Its item,P017,772962
1,22.27,75208,2024-10-02 21:16:52,Early item,P007,229323
2,22.49,90398,2024-07-27 16:32:36,Its item,P017,626740
5,10.52,52844,2025-05-10 17:02:32,Care item,P008,871061
477,22.4,50729,2024-11-07 17:51:17,Pattern item,P019,546258
2,9.45,53778,2025-04-20 19:36:50,Area item,P016,901462
2,13.53,67121,2025-02-25 05:15:34,Our item,P001,429779
7,5.68,24208,2025-06-13 07:46:18,Meet item,P018,978193
8,26.98,24208,2025-06-04 18:05:30,Star item,P003,571244
165,10.52,31211,2024-10-12 01:49:51,Care item,P008,138198
3,22.4,82974,2024-12-25 03:18:28,Pattern item,P019,499862
6,12.13,65725,2024-08-16 20:55:34,Eat item,P005,313631
6,5.68,89771,2025-06-28 12:00:10,Meet item,P018,646794
3,22.27,13786,2025-02-12 13:48:54,Early item,P007,208216
3,26.98,90398,2025-03-03 15:01:11,Star item,P003,791568
1,24.73,61968,2024-12-25 01:35:38,Charge item,P000,956593
5,5.68,51803,2025-03-28 08:07:55,Meet item,P018,280777
4,9.45,53778,2024-10-18 16:22:08,Area item,P016,846261
1,22.49,67121,2024-10-04 19:23:59,Its item,P017,275933
255,26.98,31211,2024-10-01 23:46:33,Star item,P003,222655
5,12.13,65520,2024-11-22 22:39:20,Eat item,P005,102215
2,11.4,45910,2025-02-14 16:38:02,Question item,P002,504687
3,21.22,17103,2024-12-20 12:41:36,Situation item,P013,147510
3,9.45,45910,2024-07-26 11:41:04,Area item,P016,725859
1,11.12,24208,2025-04-03 03:04:20,Arrive item,P012,674348
6,20.37,80453,2025-04-08 14:53:51,Ready item,P009,502355
81,20.37,44358,2025-01-24 11:06:47,Ready item,P009,859699
153,22.49,31211,2025-07-11 21:43:44,Its item,P017,434836
266,11.4,31211,2024-09-18 05:41:09,Question item,P002,891797
2,25.52,68077,2024-08-30 00:11:14,Job item,P015,921075
6,28.38,69063,2024-10-24 07:09:39,Stuff item,P006,528519
3,26.76,67121,2025-07-13 21:55:04,Late item,P010,928485
2770,67.65,44358,2025-05-06 05:39:06,Our item,P001,868957
1,20.48,57734,2025-06-22 18:51:47,Role item,P014,523915
4,24.73,38931,2024-10-09 16:45:22,Charge item,P000,955197
6,26.76,27151,2025-06-13 04:39:36,Late item,P010,716904
1,20.48,63799,2024-08-19 01:44:11,Role item,P014,447505
3,13.53,45910,2025-03-14 02:13:29,Our item,P001,800912
5,21.22,63799,2025-01-16 15:41:18,Situation item,P013,177411
8,11.12,65520,2024-10-23 22:53:06,Arrive item,P012,413619
3,11.4,80453,2025-04-30 08:44:01,Question item,P002,335715
4,24.73,66536,2025-04-07 22:06:41,Charge item,P000,667965
2,26.98,43828,2025-05-01 12:12:53,Star item,P003,957677
2,10.52,67121,2024-11-18 21:07:19,Care item,P008,592236
1,9.45,45910,2024-10-01 10:25:37,Area item,P016,485125
2,21.22,35203,2025-06-22 10:56:12,Situation item,P013,312129
5,22.49,41787,2024-09-18 02:46:20,Its item,P017,660249
1,5.68,67121,2025-06-16 07:49:56,Meet item,P018,267044
4,22.4,93038,2024-08-22 21:02:47,Pattern item,P019,116175
5,22.27,53778,2025-02-23 13:15:58,Early item,P007,685136
5,5.68,53778,2025-05-18 16:40:04,Meet item,P018,654842
7,22.4,16553,2024-10-18 10:55:49,Pattern item,P019,132122
9,5.68,27145,2024-09-01 10:19:23,Meet item,P018,480655
236,11.4,50729,2025-01-02 05:49:33,Question item,P002,495370
3,22.4,45910,2024-08-07 01:36:49,Pattern item,P019,123359
1,18.71,80453,2024-11-24 04:23:22,Us item,P004,835620
8,20.48,59972,2024-12-31 09:06:11,Role item,P014,761714
3,5.68,53778,2025-04-11 21:00:27,Meet item,P018,295844
2,24.73,63799,2025-02-19 02:41:34,Charge item,P000,182480
9,5.68,65520,2024-08-18 00:28:44,Meet item,P018,245961
367,20.48,44358,2025-05-24 09:33:27,Role item,P014,635294
5,26.98,43828,2025-05-04 03:40:49,Star item,P003,579113
3,11.4,66536,2024-10-17 13:18:59,Question item,P002,244671
4,20.37,61968,2024-09-18 03:31:42,Ready item,P009,293858
4,26.98,54553,2025-05-06 01:37:12,Star item,P003,935961
9,10.52,50438,2025-04-03 17:40:56,Care item,P008,847393
5,11.12,67121,2025-05-01 04:30:11,Arrive item,P012,556909
4,12.13,66536,2024-09-10 04:47:57,Eat item,P005,732457
450,26.76,50729,2025-03-19 02:39:33,Late item,P010,178064
1,13.53,16553,2025-01-05 04:38:28,Our item,P001,377174
5,10.52,75208,2024-12-13 05:03:00,Care item,P008,210347
3,22.4,52844,2024-08-20 13:07:26,Hour item,P011,490959
4,13.53,16553,2024-10-28 17:26:42,Our item,P001,917367
1,93.55,52844,2025-03-19 21:51:57,Us item,P004,706053
2,18.71,50438,2024-08-28 15:29:38,Us item,P004,485004
4,24.73,16553,2024-09-23 00:02:00,Charge item,P000,118939
6,11.4,45910,2024-11-21 03:05:21,Question item,P002,330222
171,21.22,11881,2025-05-14 21:41:09,Situation item,P013,155407
119,12.13,50729,2024-09-14 08:36:42,Eat item,P005,242619
4,25.52,27151,2025-07-13 06:02:07,Job item,P015,627537
3,22.49,51803,2025-01-20 08:24:55,Its item,P017,856148
3,24.73,66536,2025-02-06 10:36:42,Charge item,P000,609057
5,9.45,52844,2025-01-31 18:59:55,Area item,P016,822308
3,20.48,66536,2025-07-03 11:42:01,Role item,P014,242868
8,11.4,64884,2025-07-05 21:27:22,Question item,P002,668585
3,24.73,27145,2024-08-29 22:17:05,Charge item,P000,161779
3,22.49,75208,2024-10-26 23:27:35,Its item,P017,889638
8,11.4,68077,2024-10-07 17:41:16,Question item,P002,489862
4,22.4,45910,2024-08-30 20:55:50,Pattern item,P019,586352
6,11.4,13825,2025-03-11 12:03:53,Question item,P002,548165
9,13.53,80453,2024-10-24 04:29:48,Our item,P001,338459
6,13.53,47904,2024-07-21 12:38:00,Our item,P001,242778
6,13.53,67004,2024-07-28 10:51:11,Our item,P001,174323
2,5.68,63799,2024-10-02 12:49:04,Meet item,P018,115420
4,25.52,65520,2024-07-31 07:02:57,Job item,P015,834696
182,9.45,44358,2025-07-11 06:48:11,Area item,P016,427426
2,20.37,43828,2024-12-23 03:22:16,Ready item,P009,777233
1,5.68,50438,2024-10-29 01:42:19,Meet item,P018,533276
4,22.49,67121,2024-07-19 00:50:32,Its item,P017,999115
2,22.4,63799,2024-12-05 11:46:12,Hour item,P011,369579
2,25.52,66536,2024-09-10 23:17:07,Job item,P015,533501
1,22.4,82974,2025-04-30 00:41:39,Pattern item,P019,639671
9,25.52,50438,2025-01-09 11:40:47,Job item,P015,425954
4,11.4,89121,2024-10-29 06:43:57,Question item,P002,907940
7,13.53,54553,2024-07-25 23:22:12,Our item,P001,147609
84,22.4,31211,2024-10-06 12:53:02,Hour item,P011,796241
5,22.27,34159,2025-02-15 14:36:58,Early item,P007,172058
5,20.37,16553,2024-07-29 06:21:44,Ready item,P009,921739
8,20.48,27145,2025-04-29 21:33:25,Role item,P014,901050
8,26.76,13786,2025-03-14 10:08:19,Late item,P010,258737
8,9.45,64884,2024-08-09 14:40:28,Area item,P016,386270
3,21.22,89121,2025-01-24 06:22:45,Situation item,P013,550118
5,28.38,47904,2024-10-26 03:00:41,Stuff item,P006,329668
8,20.37,65725,2024-10-27 20:49:38,Ready item,P009,627832
1,22.49,35203,2024-11-10 08:35:19,Its item,P017,285468
4,22.27,43828,2025-06-02 00:41:02,Early item,P007,936547
6,11.12,58434,2025-03-13 03:34:41,Arrive item,P012,666432
3,26.76,45910,2025-01-01 09:11:06,Late item,P010,567157
4,10.52,16553,2024-10-18 16:08:09,Care item,P008,512586
4,20.48,27145,2025-04-12 21:00:41,Role item,P014,469559
2,22.4,82974,2024-11-13 12:09:45,Hour item,P011,267201
6,5.68,67004,2025-04-07 03:05:04,Meet item,P018,964710
8,22.4,65520,2025-01-19 04:27:09,Pattern item,P019,449497
484,26.98,11881,2024-09-09 10:43:46,Star item,P003,759495
420,24.73,11881,2024-10-03 10:58:06,Charge item,P000,729238
1,22.27,13825,2024-07-29 20:05:38,Early item,P007,187382
4,20.48,82974,2024-11-27 12:25:01,Role item,P014,506742
5,22.4,13825,2024-12-04 16:57:25,Pattern item,P019,120024
2,26.76,50438,2025-05-27 11:04:46,Late item,P010,838364
3,11.12,16553,2025-05-07 13:35:52,Arrive item,P012,836831
3,12.13,90398,2024-10-03 10:07:13,Eat item,P005,525850
4,22.4,67121,2025-04-03 06:50:52,Hour item,P011,430434
4,11.4,27151,2025-02-13 00:15:03,Question item,P002,100681
1,18.71,80453,2025-05-20 15:35:59,Us item,P004,428987
1,22.4,67121,2024-10-14 08:10:37,Hour item,P011,162412
8,12.13,65520,2025-05-06 01:27:52,Eat item,P005,896442
3,11.4,45910,2025-04-29 19:31:52,Question item,P002,453643
1,12.13,76377,2025-06-01 14:11:41,Eat item,P005,463881
5,10.52,67121,2024-07-28 16:49:02,Care item,P008,747637
1,13.53,75208,2025-02-06 01:00:55,Our item,P001,145954
3,26.98,16553,2025-02-11 02:11:37,Star item,P003,838390
4,18.71,67004,2024-09-19 02:22:53,Us item,P004,677497
374,22.4,44358,2025-03-30 22:59:13,Hour item,P011,718541
4,24.73,27145,2025-07-04 13:14:48,Charge item,P000,798799
1,67.65,82974,2025-02-05 20:24:07,Our item,P001,511744
9,22.4,41787,2025-01-19 17:57:01,Pattern item,P019,418832
6,28.38,65520,2024-07-26 10:52:44,Stuff item,P006,707102
2,24.73,82974,2024-11-28 23:29:14,Charge item,P000,232179
231,28.38,44358,2024-10-15 23:43:56,Stuff item,P006,631085
5,11.4,41787,2025-03-17 20:26:13,Question item,P002,414459
7,22.27,13825,2025-01-21 07:40:56,Early item,P007,453171
6,22.49,38931,2024-08-05 04:41:21,Its item,P017,896881
6,22.4,13786,2024-07-21 10:32:20,Hour item,P011,457006
109,13.53,31211,2025-01-04 11:56:13,Our item,P001,174094
3,13.53,45910,2025-05-10 17:26:06,Our item,P001,610544
9,24.73,65520,2025-06-25 14:09:02,Charge item,P000,549286
6,13.53,52844,2024-09-05 03:16:38,Our item,P001,505649
9,25.52,47904,2024-09-07 06:23:10,Job item,P015,916100
6,25.52,13786,2024-07-20 02:24:46,Job item,P015,828118
485,28.38,31211,2024-12-03 04:43:02,Stuff item,P006,697977
4,20.37,41787,2024-08-18 10:51:19,Ready item,P009,493183
30,123.65,89771,2025-03-11 17:54:43,Charge item,P000,614616
6,11.12,16553,2025-04-04 14:05:47,Arrive item,P012,987631
6,26.76,51803,2024-12-15 19:13:40,Late item,P010,328554
6,22.4,51803,2025-03-06 03:23:44,Hour item,P011,176418
1,28.38,16553,2025-03-06 05:24:03,Stuff item,P006,428312
139,18.71,11881,2025-01-28 17:05:29,Us item,P004,292565
8,26.98,41787,2025-03-19 08:22:21,Star item,P003,367146
1,5.68,90398,2024-11-23 19:11:57,Meet item,P018,295842
4,18.71,67121,2024-10-25 07:36:19,Us item,P004,332073
1,26.76,58434,2024-12-19 13:29:11,Late item,P010,173131
8,13.53,65520,2025-02-14 12:39:09,Our item,P001,774392
1,13.53,63799,2025-01-05 22:29:12,Our item,P001,105891
8,22.49,89121,2025-03-10 03:00:50,Its item,P017,635231
20,111.35,66536,2025-05-22 07:07:48,Early item,P007,222314
381,11.12,44358,2024-11-28 08:26:09,Arrive item,P012,330628
7,22.4,69063,2025-05-11 11:56:12,Pattern item,P019,395268
2,20.48,63010,2024-08-23 02:21:11,Role item,P014,689900
2,22.49,52844,2024-09-22 18:23:18,Its item,P017,998849
4,12.13,67121,2025-03-12 07:32:29,Eat item,P005,722245
59,21.22,51254,2025-01-08 10:45:01,Situation item,P013,514440
3,22.27,45910,2025-05-26 05:04:02,Early item,P007,351940
6,12.13,63799,2025-01-15 07:50:03,Eat item,P005,827937
4,20.48,90398,2024-10-10 13:23:08,Role item,P014,645952
4,11.4,90398,2024-10-28 20:52:10,Question item,P002,585875
6,22.4,57734,2025-04-01 10:00:29,Pattern item,P019,566529
323,11.4,44358,2025-04-20 03:03:25,Question item,P002,982747
433,22.27,31211,2024-07-26 20:16:09,Early item,P007,677483
6,12.13,65520,2024-11-22 03:50:57,Eat item,P005,834447
3,26.98,90398,2025-07-07 20:23:57,Star item,P003,737528
2,11.4,90398,2024-10-21 23:07:23,Question item,P002,649907
6,9.45,84869,2024-10-06 10:44:31,Area item,P016,612578
439,22.4,44358,2024-07-23 22:20:24,Hour item,P011,554803
4,26.98,13825,2025-02-13 11:42:30,Star item,P003,321706
8,22.4,89121,2024-09-29 18:51:21,Hour item,P011,677347
1,5.68,80453,2024-08-19 08:16:09,Meet item,P018,696613
7,25.52,17103,2025-03-03 06:51:59,Job item,P015,824284
2,11.12,82974,2024-07-17 23:24:03,Arrive item,P012,146616
298,26.76,44358,2024-11-02 01:43:49,Late item,P010,602005
5,22.4,52844,2024-07-28 13:10:09,Pattern item,P019,170431
7,22.4,93038,2025-06-03 01:46:36,Pattern item,P019,633222
3,25.52,67121,2025-03-03 17:19:06,Job item,P015,942746
9,10.52,92919,2025-06-29 12:43:40,Care item,P008,426098
3,26.98,45910,2025-04-25 17:08:38,Star item,P003,244810
3,25.52,90398,2025-07-07 05:26:06,Job item,P015,156596
4,22.49,90398,2025-03-23 23:23:31,Its item,P017,408853
1,18.71,52844,2025-02-17 11:08:43,Us item,P004,979422
7,18.71,89771,2024-10-04 14:22:46,Us item,P004,263040
5,10.52,45910,2025-02-24 15:31:18,Care item,P008,392284
4,10.52,61968,2025-06-10 07:48:44,Care item,P008,866658
232,9.45,31211,2025-03-16 12:38:10,Area item,P016,169246
4,22.4,63799,2025-04-10 18:27:21,Hour item,P011,845055
4,24.73,35203,2024-12-05 15:20:03,Charge item,P000,871457
3,18.71,45910,2024-08-11 00:59:49,Us item,P004,317954
1,10.52,45910,2025-03-26 07:29:09,Care item,P008,829681
364,22.27,31211,2024-12-16 18:52:14,Early item,P007,236927
7,25.52,47904,2025-03-23 21:52:19,Job item,P015,233370
7,22.27,13825,2024-11-15 11:12:06,Early item,P007,303385
8,18.71,74229,2025-04-27 09:29:03,Us item,P004,538229
9,13.53,63010,2024-11-11 19:57:57,Our item,P001,515102
3,24.73,35203,2025-05-28 04:20:22,Charge item,P000,964947
9,22.4,68077,2025-03-30 05:15:02,Hour item,P011,723767
4,20.48,89771,2025-05-09 04:48:57,Role item,P014,473145
2,5.68,63799,2024-07-22 06:11:14,Meet item,P018,663367
3,18.71,67004,2025-05-14 23:27:42,Us item,P004,817002
2,12.13,45910,2025-04-30 08:05:12,Eat item,P005,194014
3,11.4,63799,2025-06-06 23:46:45,Question item,P002,496487
6,12.13,74229,2025-04-16 12:51:03,Eat item,P005,656674
9,26.98,76377,2025-04-14 12:34:50,Star item,P003,130588
5,22.27,65725,2025-05-23 18:13:14,Early item,P007,877911
458,10.52,51254,2024-08-01 22:42:33,Care item,P008,505903
234,12.13,50729,2025-03-12 20:50:50,Eat item,P005,185102
4,26.98,35203,2024-10-09 00:23:03,Star item,P003,114671
1,13.53,52844,2025-07-04 23:25:18,Our item,P001,684245
1,21.22,75208,2024-12-20 15:21:35,Situation item,P013,512359
4,13.53,16553,2024-09-02 10:15:38,Our item,P001,834450
1,18.71,63799,2024-09-18 11:12:58,Us item,P004,637022
2,22.4,34159,2025-06-04 14:10:42,Hour item,P011,417924
8,10.52,41787,2025-03-17 07:37:29,Care item,P008,137935
4,21.22,16553,2024-09-08 17:34:35,Situation item,P013,305884
1,22.4,58434,2025-04-15 20:30:59,Pattern item,P019,852122
1,5.68,89771,2024-12-31 22:35:42,Meet item,P018,108950
7,22.4,58434,2024-07-31 12:24:27,Pattern item,P019,575650
2,18.71,35203,2024-11-29 16:10:21,Us item,P004,504058
8,21.22,69063,2024-11-16 12:29:45,Situation item,P013,223177
2,20.37,82974,2025-03-15 01:59:45,Ready item,P009,368148
1,21.22,76377,2024-08-30 19:11:07,Situation item,P013,969005
5,22.49,75208,2024-12-07 17:07:48,Its item,P017,379503
2,26.98,90398,2024-12-16 14:23:46,Star item,P003,991447
2,13.53,52844,2025-03-09 02:16:34,Our item,P001,616939
3,22.4,67121,2025-05-15 08:53:09,Pattern item,P019,753026
6,18.71,64884,2025-04-14 14:28:21,Us item,P004,859541
3,11.4,66536,2024-10-23 02:33:23,Question item,P002,698625
2,10.52,93038,2025-01-20 21:48:10,Care item,P008,686893
3,22.27,63010,2025-06-15 08:44:03,Early item,P007,855148
3,20.48,41787,2024-12-13 17:55:02,Role item,P014,295726
2,13.53,75208,2024-08-13 23:23:06,Our item,P001,347306
5,22.27,67004,2024-08-14 17:52:27,Early item,P007,312134
3,22.27,45910,2025-04-18 00:14:01,Early item,P007,840720
7,9.45,75208,2024-07-16 02:41:06,Area item,P016,129349
4,10.52,27145,2025-04-01 15:22:38,Care item,P008,589584
7,5.68,93038,2024-12-08 10:17:45,Meet item,P018,623637
2,20.48,63010,2024-08-05 07:41:57,Role item,P014,846697
9,26.76,27151,2024-12-25 16:27:28,Late item,P010,478003
6,21.22,13786,2025-01-01 00:43:06,Situation item,P013,595125
3,11.12,66536,2024-09-30 23:40:38,Arrive item,P012,863503
4,9.45,67121,2025-05-30 15:59:27,Area item,P016,946088
5,21.22,54553,2025-03-06 22:31:56,Situation item,P013,393975
7,11.4,69063,2024-08-26 15:58:06,Question item,P002,399421
2,24.73,27145,2025-04-15 16:04:41,Charge item,P000,108304
2,22.4,63010,2024-12-15 04:15:16,Pattern item,P019,421230
5,11.4,92919,2025-01-28 03:57:41,Question item,P002,294369
2,22.4,34159,2025-04-15 10:39:21,Pattern item,P019,924733
4,5.68,75208,2024-10-03 22:26:26,Meet item,P018,416761
4,12.13,16553,2025-02-16 06:40:11,Eat item,P005,351164
3,20.48,45910,2025-05-21 02:11:09,Role item,P014,389599
1,22.27,69063,2024-11-28 08:28:53,Early item,P007,852253
4,10.52,84869,2025-05-26 08:03:46,Care item,P008,228492
3,13.53,66536,2024-11-22 11:57:32,Our item,P001,377633
1,5.68,52844,2025-01-14 00:42:00,Meet item,P018,931141
2,21.22,51803,2024-08-19 12:11:56,Situation item,P013,415618
1,20.37,43828,2024-08-10 09:01:20,Ready item,P009,948920
4,20.48,68077,2025-06-03 06:41:24,Role item,P014,330697
442,22.27,50729,2024-10-07 07:19:40,Early item,P007,813733
1,24.73,57734,2024-07-30 20:03:55,Charge item,P000,819594
7,25.52,82974,2025-06-11 00:40:53,Job item,P015,961878
3,12.13,59972,2025-01-27 05:07:37,Eat item,P005,226088
6,22.4,80453,2024-11-12 12:00:52,Hour item,P011,568329
4,22.49,82974,2025-05-01 11:10:57,Its item,P017,264016
2,22.4,67004,2024-09-08 23:11:20,Hour item,P011,789901
5,12.13,66536,2025-02-23 03:02:38,Eat item,P005,630040
2,10.52,16553,2025-02-21 15:36:09,Care item,P008,813321
7,13.53,61968,2024-11-09 12:14:35,Our item,P001,303419
8,24.73,51803,2024-11-27 14:15:26,Charge item,P000,530883
1,18.71,63010,2025-01-01 02:16:27,Us item,P004,566311
1,20.48,16553,2025-06-05 13:43:40,Role item,P014,550861
1,26.76,34159,2025-03-17 09:32:40,Late item,P010,304450
9,24.73,17103,2024-10-05 11:12:22,Charge item,P000,164954
9,22.4,74229,2025-01-12 04:28:29,Hour item,P011,953196
2,22.49,16553,2025-05-31 01:31:41,Its item,P017,485338
6,9.45,75208,2024-10-04 03:34:57,Area item,P016,147846
7,24.73,74229,2025-05-22 23:03:23,Charge item,P000,607348
2,18.71,38931,2025-02-06 23:25:58,Us item,P004,295358
4,20.48,43828,2025-03-22 07:08:04,Role item,P014,304333
9,21.22,84869,2024-12-15 05:13:02,Situation item,P013,415751
449,5.68,31211,2024-09-10 13:29:52,Meet item,P018,229413
7,11.12,76377,2024-12-21 08:41:42,Arrive item,P012,758030
4,25.52,80453,2024-10-19 20:10:12,Job item,P015,136786
1,26.98,35203,2024-12-28 07:52:06,Star item,P003,752669
5,22.4,59972,2024-07-31 18:16:01,Hour item,P011,643264
7,12.13,63799,2025-06-09 21:09:15,Eat item,P005,128090
8,5.68,38931,2025-04-07 16:50:34,Meet item,P018,997523
4,22.27,16553,2025-03-28 19:47:52,Early item,P007,854069
323,22.4,11881,2024-12-13 00:09:06,Pattern item,P019,791298
1,22.27,76377,2025-03-01 19:10:50,Early item,P007,258100
3,22.27,47904,2024-11-02 11:51:51,Early item,P007,299338
1,22.4,52844,2025-02-17 10:11:29,Pattern item,P019,101493
8,22.4,41787,2025-05-29 04:44:03,Hour item,P011,824765
2,22.4,89771,2024-09-03 08:57:30,Hour item,P011,337646
5,21.22,54106,2024-11-10 07:54:16,Situation item,P013,467010
6,25.52,74229,2025-02-22 10:34:58,Job item,P015,151332
7,13.53,17103,2025-04-05 18:50:04,Our item,P001,507990
1,26.98,61968,2024-08-10 06:05:34,Star item,P003,946123
285,28.38,31211,2024-07-28 05:28:39,Stuff item,P006,203463
3,25.52,65520,2024-08-29 00:08:48,Job item,P015,515682
2,22.4,82974,2025-07-02 15:39:11,Hour item,P011,963635
3,22.27,52844,2025-01-13 20:57:31,Early item,P007,685394
2,12.13,52844,2025-05-03 00:40:18,Eat item,P005,616942
2,10.52,54106,2025-05-12 21:58:51,Care item,P008,370816
9,25.52,34159,2024-12-23 02:32:28,Job item,P015,564116
7,18.71,65725,2024-07-15 19:05:19,Us item,P004,327216
9,18.71,50438,2025-06-21 16:37:40,Us item,P004,846660
7,24.73,92919,2024-11-12 16:59:26,Charge item,P000,891026
7,10.52,41787,2024-11-05 05:17:53,Care item,P008,462918
2,12.13,50438,2025-06-06 02:16:33,Eat item,P005,470922
1,13.53,34159,2025-03-07 01:23:21,Our item,P001,960936
3,28.38,63010,2025-06-13 05:08:03,Stuff item,P006,151704
9,22.27,63799,2025-04-15 08:19:10,Early item,P007,766298
3,22.27,24208,2025-01-29 13:29:05,Early item,P007,779219
3,22.49,84869,2025-05-01 14:48:22,Its item,P017,516095
2,10.52,61968,2024-08-19 07:43:44,Care item,P008,347793
9,25.52,65520,2025-02-14 11:21:53,Job item,P015,340244
3,20.37,52844,2024-08-29 03:59:30,Ready item,P009,784931
3,26.76,52844,2025-02-07 02:12:13,Late item,P010,792051
3,22.27,82974,2024-07-14 08:22:56,Early item,P007,282992
163,13.53,50729,2025-05-14 14:51:52,Our item,P001,400756
2,22.27,63799,2025-05-19 00:02:57,Early item,P007,855074
4,22.4,24208,2024-09-24 14:29:27,Hour item,P011,429075
4,25.52,66536,2024-10-08 19:13:12,Job item,P015,433888
5,5.68,66536,2025-05-05 21:46:41,Meet item,P018,282745
7,22.4,82974,2025-01-29 17:22:19,Hour item,P011,855373
2,11.4,27151,2025-06-11 22:55:50,Question item,P002,903657
1,26.76,75208,2024-12-23 20:52:50,Late item,P010,117728
5,5.68,80453,2024-07-24 18:41:34,Meet item,P018,721202
5,5.68,76377,2024-10-12 01:21:28,Meet item,P018,673698
5,22.4,16553,2025-07-06 15:16:58,Hour item,P011,163122
5,24.73,16553,2024-10-11 16:26:39,Charge item,P000,119042
6,12.13,65725,2025-04-09 12:38:47,Eat item,P005,265985
4,11.4,45910,2024-11-03 12:30:40,Question item,P002,783701
9,26.98,61968,2025-02-28 02:36:27,Star item,P003,793771
366,18.71,44358,2024-07-24 04:16:52,Us item,P004,311587
138,22.27,51254,2025-05-24 05:06:23,Early item,P007,550883
7,20.48,34159,2025-02-20 02:34:05,Role item,P014,778707
3,11.12,16553,2024-10-21 01:24:12,Arrive item,P012,648635
9,28.38,24208,2025-02-06 05:36:11,Stuff item,P006,547073
6,25.52,61968,2025-02-14 19:10:24,Job item,P015,936648
2,18.71,38931,2024-08-19 07:27:11,Us item,P004,508319
1,20.48,45910,2025-02-07 17:13:46,Role item,P014,829235
3,22.49,53778,2024-11-07 12:02:00,Its item,P017,780261
4,21.22,89121,2024-10-01 20:35:44,Situation item,P013,981495
4,5.68,67004,2024-07-26 01:23:56,Meet item,P018,832203
4,28.38,58434,2025-01-05 04:13:07,Stuff item,P006,196149
9,26.76,93038,2024-11-20 22:15:49,Late item,P010,132377
2,5.68,52844,2025-05-29 20:33:50,Meet item,P018,290514
3,26.98,89771,2025-02-10 23:49:27,Star item,P003,266240
1,5.68,84869,2025-07-08 19:57:05,Meet item,P018,983073
9,22.4,57734,2025-05-22 20:09:12,Hour item,P011,496504
2,20.37,27151,2025-05-05 10:23:33,Ready item,P009,578250
30,127.6,41787,2025-05-27 02:22:55,Job item,P015,152367
1,18.71,45910,2024-10-11 11:49:11,Us item,P004,688526
8,11.12,17103,2025-04-17 17:24:54,Arrive item,P012,671217
2,25.52,63799,2025-03-02 23:13:13,Job item,P015,700200
289,5.68,50729,2025-03-29 18:24:35,Meet item,P018,424544
2,21.22,80453,2025-02-02 22:30:02,Situation item,P013,504390
4,21.22,59972,2025-01-05 09:31:10,Situation item,P013,135415
4,26.76,66536,2024-11-05 17:34:34,Late item,P010,526462
1,22.4,67004,2025-04-07 04:27:08,Hour item,P011,331306
3,28.38,16553,2025-07-08 18:14:13,Stuff item,P006,875018
3,10.52,93038,2024-11-13 00:07:53,Care item,P008,746403
4,20.48,90398,2024-12-19 11:11:04,Role item,P014,215248
9,18.71,59972,2025-04-12 16:46:21,Us item,P004,498623
2,26.76,67004,2025-02-06 22:55:00,Late item,P010,828468
1,5.68,75208,2025-03-22 22:08:47,Meet item,P018,108343
6,22.4,38931,2024-10-11 06:59:11,Hour item,P011,269357
6,12.13,53778,2024-07-19 15:46:59,Eat item,P005,807181
5,21.22,76377,2025-01-14 19:05:27,Situation item,P013,182169
1,22.4,75208,2024-09-26 15:46:04,Pattern item,P019,649999
4,22.49,67121,2025-01-01 13:23:27,Its item,P017,900536
1,22.4,75208,2025-03-12 17:04:01,Pattern item,P019,395376
7,21.22,64884,2025-07-05 10:57:56,Situation item,P013,446457
1,20.37,66536,2024-08-25 16:28:41,Ready item,P009,422323
9,11.4,65725,2024-10-24 14:33:42,Question item,P002,420185
2,26.98,67121,2025-07-05 03:58:33,Star item,P003,732795
7,22.4,13786,2025-03-08 07:53:53,Pattern item,P019,839966
402,10.52,11881,2024-10-27 23:54:48,Care item,P008,398937
7,5.68,89771,2024-07-30 10:38:55,Meet item,P018,529830
1,24.73,66536,2024-08-21 15:18:04,Charge item,P000,808860
3,18.71,51803,2024-12-03 02:13:14,Us item,P004,722142
3,9.45,63010,2025-02-11 22:36:01,Area item,P016,734848
6,28.38,24208,2024-07-17 19:55:17,Stuff item,P006,801505
6,9.45,89121,2024-09-21 10:23:31,Area item,P016,382705
359,22.27,44358,2024-11-20 16:34:51,Early item,P007,108363
3,20.48,67121,2025-03-01 18:44:26,Role item,P014,824851
1,26.98,90398,2025-01-11 20:28:43,Star item,P003,898683
2,25.52,45910,2024-12-26 04:33:44,Job item,P015,992994
127,22.4,51254,2024-12-24 06:35:53,Hour item,P011,760914
2,22.4,64884,2025-05-20 15:45:38,Hour item,P011,939230
2,18.71,69063,2025-06-04 00:50:51,Us item,P004,110654
2,20.37,74229,2025-07-08 15:29:59,Ready item,P009,553862
468,11.12,11881,2025-01-17 07:08:19,Arrive item,P012,255589
1,5.68,89771,2024-10-08 01:35:45,Meet item,P018,128716
5,22.4,50438,2025-01-18 20:27:03,Hour item,P011,916615
1,28.38,84869,2025-01-23 09:36:05,Stuff item,P006,583887
1,11.12,63010,2024-12-05 10:51:08,Arrive item,P012,654450
7,28.38,34159,2025-02-17 06:57:57,Stuff item,P006,453770
7,24.73,24208,2024-08-22 00:36:32,Charge item,P000,551143
3,5.68,82974,2025-04-08 09:23:20,Meet item,P018,172125
4,22.4,66536,2024-08-26 07:02:19,Hour item,P011,298340
2,26.76,65725,2025-06-22 00:28:39,Late item,P010,332036
6,11.4,82974,2024-09-15 01:07:09,Question item,P002,668369
92,22.4,51254,2024-11-17 20:49:02,Hour item,P011,314647
1,12.13,41787,2024-12-12 00:49:06,Eat item,P005,527185
1,18.71,90398,2025-01-12 17:24:05,Us item,P004,360739
148,20.37,31211,2024-08-26 05:32:58,Ready item,P009,292006
3,21.22,65725,2025-05-29 12:13:27,Situation item,P013,213017
3,20.37,57734,2025-01-27 04:06:10,Ready item,P009,572658
7,9.45,64884,2024-08-25 18:00:02,Area item,P016,807576
3,22.49,63799,2025-02-07 23:17:15,Its item,P017,134256
3,18.71,43828,2024-09-07 04:23:18,Us item,P004,394209
4,5.68,63799,2025-02-18 05:09:08,Meet item,P018,260422
2,25.52,80453,2025-03-27 06:03:47,Job item,P015,399941
3,20.48,54553,2024-07-20 11:53:20,Role item,P014,139363
3,28.38,66536,2024-09-12 17:01:51,Stuff item,P006,161284
1,22.27,50438,2024-12-16 16:47:05,Early item,P007,929816
3,13.53,75208,2024-08-20 23:54:41,Our item,P001,954659
2,22.4,52844,2025-05-27 07:33:54,Pattern item,P019,542629
4,26.76,63799,2025-04-07 08:51:25,Late item,P010,888116
8,12.13,63010,2024-12-17 15:20:56,Eat item,P005,239960
443,18.71,51254,2024-10-25 18:01:15,Us item,P004,345128
30,93.55,45910,2024-08-15 08:37:37,Us item,P004,446228
2,5.68,63799,2024-09-04 08:00:54,Meet item,P018,325995
173,24.73,31211,2024-08-19 03:32:33,Charge item,P000,330120
2,10.52,67004,2024-12-29 18:48:48,Care item,P008,562393
1,26.98,82974,2025-07-13 05:12:10,Star item,P003,548555
6,22.4,16553,2025-01-04 05:21:04,Hour item,P011,111226
3,21.22,47904,2025-03-02 00:30:00,Situation item,P013,601626
5,26.76,59972,2025-03-20 16:57:03,Late item,P010,884746
4,12.13,45910,2024-07-19 18:19:42,Eat item,P005,488177
4,13.53,67004,2024-07-17 05:14:31,Our item,P001,281447
5,5.68,89771,2024-09-13 07:24:00,Meet item,P018,370863
1,12.13,16553,2024-10-14 04:40:30,Eat item,P005,327315
3,18.71,27151,2024-08-08 15:39:25,Us item,P004,666423
1,20.48,41787,2024-08-02 15:26:27,Role item,P014,938394
5,11.4,57734,2024-08-09 01:40:53,Question item,P002,270964
4,18.71,51803,2024-10-24 01:39:03,Us item,P004,491433
1,20.48,68077,2024-10-02 09:27:14,Role item,P014,857294
59,10.52,50729,2025-01-19 13:03:06,Care item,P008,673009
4,26.98,17103,2024-12-05 01:22:37,Star item,P003,599423
4,26.76,61968,2024-08-31 22:32:59,Late item,P010,534026
2,22.4,82974,2025-01-16 13:45:05,Pattern item,P019,729900
5,10.52,90398,2025-03-04 23:55:26,Care item,P008,477236
2,22.27,89121,2024-08-13 21:03:30,Early item,P007,562113
1,25.52,90398,2025-02-11 13:24:25,Job item,P015,455968
1,11.4,92919,2024-09-20 10:24:45,Question item,P002,432039
1,13.53,67121,2024-11-24 10:12:24,Our item,P001,713346
2,11.12,63010,2024-12-07 05:56:53,Arrive item,P012,659705
5,10.52,41787,2025-05-27 14:21:42,Care item,P008,859910
1,22.27,90398,2024-10-27 09:57:36,Early item,P007,757667
1,20.48,67004,2025-01-27 15:25:23,Role item,P014,180015
2,26.98,38931,2024-10-01 13:04:47,Star item,P003,190127
4,26.98,45910,2024-07-28 10:28:46,Star item,P003,638457
2,22.27,74229,2025-02-08 22:40:44,Early item,P007,821797
3,22.4,64884,2024-12-15 22:54:49,Pattern item,P019,177525
391,13.53,50729,2025-02-21 10:48:59,Our item,P001,608277
1,13.53,66536,2024-10-14 18:23:58,Our item,P001,336490
5,18.71,67121,2025-03-12 01:17:22,Us item,P004,716307
3,22.4,67121,2025-02-05 01:07:12,Pattern item,P019,472202
3,22.4,38931,2024-08-29 06:29:51,Pattern item,P019,901445
2,25.52,82974,2024-12-21 07:44:19,Job item,P015,284028
4,25.52,90398,2024-11-05 12:33:39,Job item,P015,884794
1,22.27,65725,2024-12-09 03:37:15,Early item,P007,576476
2,12.13,90398,2024-09-05 10:48:54,Eat item,P005,998792
5,18.71,66536,2024-10-22 13:07:20,Us item,P004,493929
3,11.12,38931,2024-09-16 05:34:30,Arrive item,P012,818378
3,5.68,65725,2025-03-29 06:52:28,Meet item,P018,501080
8,28.38,35203,2025-02-28 00:02:17,Stuff item,P006,101580
8,28.38,89121,2025-02-01 23:43:13,Stuff item,P006,403978
9,20.37,41787,2024-09-22 06:15:58,Ready item,P009,974002
481,20.37,44358,2025-02-07 17:06:27,Ready item,P009,643754
2,9.45,16553,2024-10-06 11:39:53,Area item,P016,446652
110,10.52,44358,2025-03-10 07:01:44,Care item,P008,943515
5,24.73,90398,2025-01-03 17:58:19,Charge item,P000,743668
3,9.45,93038,2025-07-13 17:46:41,Area item,P016,174838
1,26.76,67121,2025-01-29 16:01:11,Late item,P010,814993
217,25.52,50729,2024-11-27 17:52:50,Job item,P015,836090
4,11.12,90398,2025-05-08 12:41:53,Arrive item,P012,789892
3,12.13,67004,2024-12-30 14:41:09,Eat item,P005,726768
5,21.22,75208,2025-05-26 01:00:08,Situation item,P013,293972
4,25.52,16553,2024-10-21 02:41:51,Job item,P015,933398
1,12.13,90398,2024-09-25 06:02:09,Eat item,P005,694792
1,24.73,90398,2024-10-08 04:34:20,Charge item,P000,518767
8,22.49,75208,2025-06-04 17:47:27,Its item,P017,948844
8,24.73,69063,2025-07-08 07:44:48,Charge item,P000,700524
8,18.71,51803,2025-01-05 21:23:22,Us item,P004,222710
3,26.76,82974,2025-04-03 06:46:04,Late item,P010,905940
3,28.38,63799,2024-12-13 11:34:28,Stuff item,P006,720140
2,26.76,75208,2024-10-26 22:02:01,Late item,P010,835189
7,11.12,67121,2025-05-06 15:27:30,Arrive item,P012,356233
6,18.71,16553,2024-09-24 09:56:34,Us item,P004,280733
2,20.37,67121,2024-07-26 00:22:54,Ready item,P009,288623
2,21.22,45910,2025-06-23 06:04:29,Situation item,P013,451508
3,22.4,66536,2025-07-09 15:43:14,Pattern item,P019,777702
1,26.76,52844,2025-01-01 07:12:53,Late item,P010,314709
5,22.27,13825,2024-12-22 07:16:20,Early item,P007,897214
5,13.53,45910,2024-11-27 00:50:36,Our item,P001,660393
8,12.13,89771,2024-08-28 02:10:24,Eat item,P005,773569
9,12.13,80453,2025-02-15 13:55:17,Eat item,P005,198944
9,11.4,38931,2024-09-01 18:55:59,Question item,P002,410454
3,26.98,92919,2024-11-23 12:40:37,Star item,P003,664476
9,21.22,50438,2025-05-07 17:38:37,Situation item,P013,661811
4,11.12,61968,2024-12-20 10:35:22,Arrive item,P012,108845
1,5.68,82974,2025-01-30 03:59:12,Meet item,P018,442587
7,22.49,66536,2025-03-15 13:03:35,Its item,P017,508381
7,20.37,58434,2025-05-10 23:44:04,Ready item,P009,977838
9,13.53,65520,2024-07-17 19:09:16,Our item,P001,286291
1,25.52,92919,2025-01-02 00:36:51,Job item,P015,649891
9,22.27,24208,2024-09-28 06:42:04,Early item,P007,646078
1,11.12,43828,2024-08-30 20:32:48,Arrive item,P012,395456
4,20.37,34159,2025-02-14 21:51:58,Ready item,P009,224520
4,21.22,67121,2024-11-03 05:56:14,Situation item,P013,328287
9,12.13,41787,2025-05-21 01:13:05,Eat item,P005,247754
1,18.71,63799,2024-12-30 00:45:47,Us item,P004,302698
446,24.73,31211,2025-07-05 07:52:22,Charge item,P000,167070
9,20.37,74229,2025-04-20 02:14:46,Ready item,P009,365222
4,28.38,52844,2025-04-05 19:29:49,Stuff item,P006,218245
4,25.52,41787,2025-05-14 01:49:13,Job item,P015,695960
1,11.4,82974,2025-04-10 16:37:07,Question item,P002,744871
5,18.71,47904,2025-03-01 22:26:55,Us item,P004,525985
7,5.68,27151,2025-03-08 22:45:25,Meet item,P018,201224
4,9.45,90398,2024-10-03 07:47:33,Area item,P016,216280
142,24.73,51254,2024-11-26 03:50:38,Charge item,P000,552975
214,21.22,50729,2024-08-13 03:07:55,Situation item,P013,821618
2,24.73,51803,2024-12-19 18:10:10,Charge item,P000,464731
435,12.13,31211,2025-05-05 10:18:11,Eat item,P005,302785
4,11.12,52844,2024-10-27 11:44:44,Arrive item,P012,201042
3,26.76,45910,2024-10-01 22:58:59,Late item,P010,442504
3,10.52,90398,2025-02-18 15:18:14,Care item,P008,655179
1,22.49,13786,2025-04-30 20:02:17,Its item,P017,472536
9,21.22,51803,2024-12-08 08:59:59,Situation item,P013,745864
3,5.68,90398,2025-05-17 06:53:58,Meet item,P018,165481
328,20.48,44358,2025-06-21 13:42:41,Role item,P014,831388
2,12.13,54106,2025-05-14 11:51:32,Eat item,P005,893023
5,22.27,54106,2024-10-14 05:01:37,Early item,P007,285923
9,9.45,76377,2025-07-12 22:15:53,Area item,P016,504083
6,28.38,67004,2024-12-19 20:59:16,Stuff item,P006,527304
3,9.45,80453,2024-12-26 04:50:37,Area item,P016,219584
4,11.12,52844,2024-08-19 19:59:53,Arrive item,P012,576971
4,22.27,13825,2025-04-28 17:00:03,Early item,P007,419504
4,24.73,13825,2024-12-25 18:23:09,Charge item,P000,299095
8,9.45,50438,2025-06-02 19:12:24,Area item,P016,310894
9,22.4,89771,2025-03-29 05:37:47,Pattern item,P019,805719
7,9.45,52844,2025-03-23 18:32:10,Area item,P016,334677
4,12.13,59972,2024-08-18 15:00:00,Eat item,P005,729236
4,9.45,82974,2024-09-01 17:04:14,Area item,P016,842650
6,11.12,57734,2024-07-30 06:03:50,Arrive item,P012,605705
4,11.12,16553,2024-07-18 04:52:28,Arrive item,P012,145559
3,22.4,63799,2025-06-05 22:57:14,Hour item,P011,275162
2,22.49,45910,2025-05-20 03:20:50,Its item,P017,997896
3,22.27,66536,2024-12-31 07:59:06,Early item,P007,751343
1,20.48,90398,2025-02-18 00:00:13,Role item,P014,529655
9,20.48,84869,2025-01-25 12:08:25,Role item,P014,828543
7,22.4,84869,2024-10-20 21:50:29,Hour item,P011,539352
8,22.27,89121,2024-11-11 16:55:19,Early item,P007,413428
85,25.52,11881,2024-10-02 15:21:52,Job item,P015,808372
4,18.71,57734,2025-02-16 04:38:58,Us item,P004,495177
461,11.12,11881,2025-02-22 16:31:15,Arrive item,P012,900817
1,22.4,51803,2025-05-18 22:34:27,Pattern item,P019,702665
6,18.71,13825,2024-09-07 03:21:16,Us item,P004,314056
1,22.4,58434,2025-01-19 21:33:35,Pattern item,P019,692974
3,26.76,90398,2025-06-02 03:09:24,Late item,P010,731603
230,21.22,11881,2025-01-05 13:10:11,Situation item,P013,109471
3,20.37,16553,2025-06-02 23:40:09,Ready item,P009,707473
3,20.48,57734,2024-08-19 23:18:57,Role item,P014,598261
2,22.4,90398,2024-11-13 17:49:56,Pattern item,P019,718938
5,11.4,66536,2024-10-01 14:21:43,Question item,P002,701981
3,11.12,67121,2025-05-14 19:32:27,Arrive item,P012,689756
2,22.49,45910,2025-03-06 14:10:05,Its item,P017,579497
132,25.52,11881,2025-05-18 12:49:46,Job item,P015,469039
1,5.68,67121,2024-08-07 01:43:47,Meet item,P018,389196
4,9.45,54553,2024-12-20 00:37:44,Area item,P016,737809
4,20.37,52844,2025-05-26 19:40:19,Ready item,P009,584487
3,20.37,67004,2025-03-28 07:48:50,Ready item,P009,644197
2,28.38,63010,2024-08-03 09:34:22,Stuff item,P006,709773
3,22.49,52844,2025-06-02 08:18:59,Its item,P017,499319
1,5.68,41787,2024-07-31 15:28:49,Meet item,P018,378104
60,133.8,41787,2025-01-13 12:49:50,Late item,P010,734312
1,9.45,51803,2025-01-22 23:39:05,Area item,P016,110394
2,12.13,75208,2025-05-30 07:12:46,Eat item,P005,132924
109,11.12,31211,2025-01-09 17:23:57,Arrive item,P012,580961
9,11.12,74229,2025-05-24 15:42:52,Arrive item,P012,679733
40,67.65,67121,2025-01-22 08:30:05,Our item,P001,670807
6,10.52,38931,2024-08-11 11:27:35,Care item,P008,364936
7,9.45,59972,2025-05-14 08:25:10,Area item,P016,332196
2,22.49,45910,2025-05-25 05:54:18,Its item,P017,700974
2,28.38,52844,2024-10-28 10:11:44,Stuff item,P006,943577
4,26.76,45910,2024-08-31 15:11:08,Late item,P010,799145
2,22.49,89121,2024-09-12 04:31:01,Its item,P017,723907
8,10.52,24208,2025-02-12 10:37:34,Care item,P008,879629
4,22.49,82974,2024-10-02 09:43:45,Its item,P017,348053
6,18.71,65520,2024-10-15 20:13:30,Us item,P004,568795
4,24.73,27145,2025-03-23 00:12:17,Charge item,P000,323193
2,22.4,45910,2025-03-25 05:45:15,Hour item,P011,896678
7,26.98,63799,2024-12-05 11:25:11,Star item,P003,916373
50,141.9,59972,2024-08-25 00:01:20,Stuff item,P006,474799
7,20.37,93038,2024-09-29 13:22:20,Ready item,P009,373740
9,20.48,35203,2025-05-06 02:25:55,Role item,P014,797267
1,21.22,66536,2025-03-06 11:54:45,Situation item,P013,154301
2,25.52,52844,2025-05-15 11:59:58,Job item,P015,120453
5,9.45,82974,2024-09-02 02:54:56,Area item,P016,534577
3,24.73,45910,2025-05-29 11:47:52,Charge item,P000,886558
8,21.22,76377,2025-02-23 12:21:28,Situation item,P013,821349
2,13.53,84869,2025-02-24 00:21:50,Our item,P001,409986
3,10.52,66536,2024-11-30 03:27:56,Care item,P008,724223
1,11.12,45910,2025-02-17 02:31:13,Arrive item,P012,797581
6,21.22,63010,2025-02-05 16:37:59,Situation item,P013,520341
172,12.13,11881,2025-01-10 03:20:26,Eat item,P005,140495
3,18.71,63799,2025-03-10 10:31:29,Us item,P004,232168
4,26.76,84869,2025-06-13 10:57:16,Late item,P010,740975
6,25.52,54106,2025-01-04 10:14:12,Job item,P015,546137
4,12.13,90398,2025-03-04 20:44:48,Eat item,P005,289582
40,112.0,82974,2025-01-01 17:36:23,Pattern item,P019,347371
1,20.37,76377,2025-06-01 14:38:33,Ready item,P009,130827
8,25.52,65725,2024-09-22 10:15:02,Job item,P015,507683
2,22.49,58434,2024-10-10 15:37:38,Its item,P017,923622
7,22.4,75208,2025-05-23 21:15:02,Hour item,P011,729965
6,26.76,54106,2024-07-31 14:53:05,Late item,P010,989300
3,22.49,89771,2025-03-10 05:06:08,Its item,P017,106403
3,11.4,16553,2024-07-16 09:39:02,Question item,P002,401433
1,22.4,63010,2025-02-12 17:52:29,Hour item,P011,274298
4,24.73,68077,2024-08-06 18:44:29,Charge item,P000,513544
4,12.13,90398,2024-12-12 10:11:46,Eat item,P005,171292
7,22.27,24208,2024-10-15 05:25:02,Early item,P007,771185
1,20.48,90398,2024-12-28 20:05:50,Role item,P014,546272
53,22.49,11881,2025-02-13 15:17:16,Its item,P017,867040
9,22.4,13786,2024-12-25 13:31:18,Pattern item,P019,436577
2,22.49,75208,2025-07-03 21:51:47,Its item,P017,289734
2,20.37,67121,2024-09-03 22:50:31,Ready item,P009,982584
152,18.71,11881,2024-12-24 23:09:00,Us item,P004,427814
1,11.12,13825,2024-08-20 07:25:59,Arrive item,P012,626759
8,25.52,43828,2025-04-21 08:27:27,Job item,P015,188115
8,11.4,47904,2024-08-30 17:35:20,Question item,P002,154762
2,13.53,52844,2025-02-01 14:03:24,Our item,P001,728397
1,10.52,82974,2024-09-17 00:36:08,Care item,P008,422181
1,25.52,66536,2025-04-15 13:45:41,Job item,P015,483906
3,22.4,76377,2024-11-14 12:22:12,Hour item,P011,412017
8,9.45,16553,2025-03-18 07:42:39,Area item,P016,994618
170,26.98,11881,2024-08-03 23:25:20,Star item,P003,985107
1,26.98,17103,2025-04-04 15:12:12,Star item,P003,414866
3,20.48,67121,2025-01-03 06:32:57,Role item,P014,403442
3,13.53,76377,2025-03-03 18:26:54,Our item,P001,612051
4,22.49,92919,2024-11-30 19:50:21,Its item,P017,304719
4,9.45,82974,2025-01-15 12:26:41,Area item,P016,187184
3,28.38,82974,2024-12-02 10:01:32,Stuff item,P006,775607
5,22.4,53778,2024-12-19 15:16:37,Pattern item,P019,547871
6,9.45,74229,2024-09-23 19:40:33,Area item,P016,660933
4,22.49,38931,2025-02-06 23:12:40,Its item,P017,932992
9,25.52,38931,2025-03-31 08:32:10,Job item,P015,305834
412,20.37,44358,2025-07-12 02:42:20,Ready item,P009,555915
6,26.76,38931,2024-11-23 06:37:51,Late item,P010,428687
152,26.98,31211,2025-05-12 09:58:04,Star item,P003,420580
8,26.76,64884,2024-08-01 17:40:12,Late item,P010,323039
3,22.27,43828,2024-07-21 04:41:56,Early item,P007,944918
4,13.53,52844,2024-10-08 23:41:26,Our item,P001,691947
5,22.4,13825,2025-02-28 16:17:21,Hour item,P011,601603
8,20.37,35203,2025-02-19 06:06:40,Ready item,P009,500048
2,11.4,16553,2025-01-03 19:38:53,Question item,P002,564197
3,12.13,63799,2024-10-19 13:11:25,Eat item,P005,516798
5,11.4,67121,2025-06-07 02:12:44,Question item,P002,335388
1,11.12,76377,2024-12-09 01:29:59,Arrive item,P012,733970
4,11.12,65725,2025-06-12 23:54:05,Arrive item,P012,550899
9,26.76,65725,2025-03-27 15:39:40,Late item,P010,716082
3,5.68,67121,2025-05-06 14:01:17,Meet item,P018,822986
2,26.98,74229,2024-10-19 21:47:28,Star item,P003,724508
3,26.76,52844,2024-09-10 06:49:58,Late item,P010,705489
1,22.49,57734,2025-06-07 03:08:02,Its item,P017,973107
1,12.13,75208,2024-10-27 01:04:04,Eat item,P005,189112
8,22.4,89121,2025-03-22 12:08:25,Pattern item,P019,647427
6,20.37,66536,2024-09-21 05:58:06,Ready item,P009,409129
473,10.52,50729,2025-05-07 21:19:38,Care item,P008,639596
4,20.37,53778,2024-12-14 01:24:32,Ready item,P009,980145
2,20.48,67121,2024-09-19 03:55:41,Role item,P014,559318
2,22.49,90398,2025-07-02 05:58:16,Its item,P017,488953
1,26.76,16553,2024-08-09 10:39:21,Late item,P010,698752
2,9.45,59972,2025-04-05 08:11:45,Area item,P016,643490
332,5.68,44358,2024-10-08 15:37:49,Meet item,P018,250427
492,20.48,44358,2024-08-03 08:57:29,Role item,P014,585239
9,22.4,89121,2024-12-27 06:22:31,Pattern item,P019,794759
2,18.71,82974,2025-06-10 01:06:44,Us item,P004,666700
7,22.4,35203,2024-12-23 06:48:55,Pattern item,P019,573802
50,102.4,82974,2024-12-04 07:31:54,Role item,P014,444107
370,9.45,51254,2024-12-25 03:36:53,Area item,P016,375452
377,26.98,11881,2024-10-20 03:54:01,Star item,P003,933413
2,21.22,76377,2025-01-09 17:14:55,Situation item,P013,267642
3,11.12,52844,2025-05-03 13:03:26,Arrive item,P012,209902
5,12.13,82974,2024-09-25 04:09:41,Eat item,P005,769196
1,28.38,45910,2024-10-22 00:17:41,Stuff item,P006,458318
118,22.49,50729,2025-04-01 03:14:01,Its item,P017,185895
297,22.27,51254,2025-03-08 23:10:58,Early item,P007,615568
2,11.4,52844,2025-07-10 02:23:59,Question item,P002,452908
6,24.73,65520,2025-04-11 17:50:24,Charge item,P000,747176
7,26.98,51803,2025-03-05 02:11:11,Star item,P003,705125
2,22.4,68077,2024-09-25 08:35:03,Hour item,P011,687489
7,21.22,54106,2025-05-05 06:40:09,Situation item,P013,331746
4,11.4,27145,2025-05-06 20:35:41,Question item,P002,788907
2,9.45,75208,2025-02-28 04:11:25,Area item,P016,121671
439,24.73,50729,2025-04-13 15:03:25,Charge item,P000,801430
5,28.38,75208,2025-05-08 01:20:33,Stuff item,P006,513730
6,26.98,57734,2025-04-07 13:20:19,Star item,P003,352844
40,57.0,67121,2025-02-02 11:21:38,Question item,P002,999310
7,18.71,89121,2024-12-27 04:49:14,Us item,P004,597350
4,18.71,66536,2024-12-09 19:48:04,Us item,P004,430457
7,26.98,59972,2025-03-08 09:30:31,Star item,P003,547314
6,5.68,74229,2024-10-20 20:59:46,Meet item,P018,656918
85,22.49,11881,2025-05-10 02:55:34,Its item,P017,997146
3,26.98,52844,2024-10-16 10:45:39,Star item,P003,443660
3,18.71,68077,2025-04-17 06:15:23,Us item,P004,849347
5,28.38,17103,2024-11-18 10:16:42,Stuff item,P006,459924
4,25.52,52844,2025-04-17 10:35:32,Job item,P015,894323
1,18.71,63799,2025-07-09 11:51:04,Us item,P004,182696
2,22.4,67004,2024-07-24 02:54:47,Hour item,P011,728709
3,5.68,63799,2024-12-04 18:57:06,Meet item,P018,470388
4,22.4,67004,2025-01-10 05:05:23,Pattern item,P019,107459
3,22.49,63010,2024-11-05 20:23:45,Its item,P017,887769
4,11.4,54106,2024-09-05 15:55:39,Question item,P002,406078
1,22.27,16553,2025-05-05 18:57:35,Early item,P007,450551
9,11.12,93038,2025-01-04 20:42:20,Arrive item,P012,611016
5,12.13,67121,2025-01-12 21:19:47,Eat item,P005,928221
5,26.98,82974,2025-06-30 07:52:59,Star item,P003,358053
9,22.4,34159,2024-11-25 20:43:53,Pattern item,P019,240534
7,22.27,92919,2025-06-15 02:16:07,Early item,P007,290537
8,24.73,17103,2024-09-10 17:53:44,Charge item,P000,671161
5,21.22,67121,2025-06-12 10:29:22,Situation item,P013,781738
50,106.1,93038,2025-03-31 19:13:13,Situation item,P013,361487
3,12.13,66536,2024-09-01 21:25:44,Eat item,P005,496058
3,10.52,65725,2024-07-22 01:07:05,Care item,P008,839031
1,11.4,63799,2024-11-09 03:05:20,Question item,P002,209935
4,26.76,17103,2024-10-23 00:45:25,Late item,P010,314683
1,22.49,75208,2024-12-06 01:35:22,Its item,P017,765650
3,21.22,58434,2024-12-18 04:39:55,Situation item,P013,144935
84,26.98,11881,2025-01-25 20:49:15,Star item,P003,801789
6,24.73,89121,2025-02-05 22:32:53,Charge item,P000,324388
1,10.52,45910,2024-08-30 04:20:06,Care item,P008,540085
9,21.22,76377,2025-02-28 13:01:14,Situation item,P013,998855
3,26.98,52844,2025-05-10 11:11:02,Star item,P003,371752
8,20.48,27151,2025-01-09 19:13:53,Role item,P014,891651
8,5.68,89771,2024-11-20 19:02:45,Meet item,P018,321684
4,5.68,57734,2024-11-07 16:34:26,Meet item,P018,936016
5,21.22,45910,2024-09-20 13:23:30,Situation item,P013,372763
3,24.73,67121,2024-08-11 21:48:42,Charge item,P000,281543
8,22.49,92919,2025-03-14 10:24:06,Its item,P017,391734
4,9.45,67121,2024-10-24 23:16:06,Area item,P016,382719
1,22.4,75208,2025-05-16 21:40:55,Hour item,P011,841250
6,26.76,13786,2025-03-27 07:45:34,Late item,P010,575712
1,25.52,90398,2025-07-04 10:46:21,Job item,P015,378797
3,24.73,35203,2024-08-19 23:41:31,Charge item,P000,545454
4,22.49,52844,2024-11-21 18:04:05,Its item,P017,927154
5,11.12,82974,2024-10-26 08:38:33,Arrive item,P012,960630
9,13.53,27151,2025-07-11 16:42:01,Our item,P001,318381
6,9.45,92919,2025-07-10 06:28:41,Area item,P016,631897
4,28.38,16553,2025-02-08 14:48:07,Stuff item,P006,564715
3,9.45,59972,2024-07-29 07:01:54,Area item,P016,345404
9,11.12,76377,2024-11-15 20:19:59,Arrive item,P012,597964
1,24.73,16553,2025-01-27 21:47:04,Charge item,P000,198873
4,24.73,89771,2024-11-23 04:23:07,Charge item,P000,752936
9,22.4,84869,2024-08-12 23:25:18,Hour item,P011,966023
5,24.73,63799,2024-09-12 07:49:33,Charge item,P000,233920
4,18.71,34159,2025-05-09 12:42:07,Us item,P004,925779
436,13.53,31211,2025-01-13 09:02:53,Our item,P001,171114
1,22.27,51803,2025-06-06 17:53:36,Early item,P007,740903
5,22.4,74229,2024-12-23 18:38:31,Hour item,P011,240457
2,10.52,45910,2025-03-13 15:56:36,Care item,P008,169504
6,13.53,57734,2024-09-30 03:32:49,Our item,P001,618780
3,10.52,67121,2025-01-07 09:45:25,Care item,P008,325539
5,10.52,51803,2024-09-05 01:20:52,Care item,P008,918710
2,22.49,67004,2025-03-13 03:18:22,Its item,P017,162387
2,25.52,67121,2024-08-29 10:14:50,Job item,P015,424603
3,18.71,13825,2024-12-16 21:52:03,Us item,P004,390505
2,20.48,52844,2025-02-08 21:51:25,Role item,P014,865659
4,18.71,24208,2024-09-06 12:42:13,Us item,P004,368183
2,21.22,67121,2025-06-12 21:02:45,Situation item,P013,286076
1,11.4,27145,2024-10-30 20:37:35,Question item,P002,982882
5,18.71,58434,2025-07-13 22:19:12,Us item,P004,114668
6,28.38,65725,2025-05-04 12:17:11,Stuff item,P006,204520
7,22.49,82974,2025-04-01 15:33:25,Its item,P017,154125
3,28.38,45910,2025-04-20 18:23:45,Stuff item,P006,651383
5,26.98,54106,2025-06-03 18:18:24,Star item,P003,325561
70,127.6,68077,2025-06-14 08:19:14,Job item,P015,672685
1,20.48,63799,2024-08-26 13:43:36,Role item,P014,278085
6,18.71,68077,2024-12-02 09:17:29,Us item,P004,133342
9,22.27,63010,2025-05-20 00:37:01,Early item,P007,941574
9,18.71,64884,2024-08-05 00:03:51,Us item,P004,477897
4,21.22,67004,2024-08-26 04:22:30,Situation item,P013,711731
3,24.73,45910,2024-08-04 22:01:37,Charge item,P000,598908
8,24.73,43828,2024-09-03 21:36:52,Charge item,P000,618974
2,18.71,13786,2024-11-03 15:33:51,Us item,P004,936702
69,24.73,51254,2025-06-25 12:42:52,Charge item,P000,583807
8,22.4,76377,2024-10-21 19:41:33,Pattern item,P019,298712
4,20.48,45910,2025-04-29 15:31:53,Role item,P014,198067
6,28.38,13825,2025-06-22 11:02:28,Stuff item,P006,499166
4,9.45,74229,2025-01-30 11:04:45,Area item,P016,179241
9,25.52,93038,2025-05-09 02:58:31,Job item,P015,225777
4,10.52,57734,2025-04-10 12:34:28,Care item,P008,844431
3,21.22,27151,2025-01-30 10:32:29,Situation item,P013,620070
5,5.68,84869,2025-03-05 23:04:40,Meet item,P018,946980
2,25.52,54553,2025-01-23 07:45:19,Job item,P015,576879
5,20.37,65725,2025-02-28 14:27:49,Ready item,P009,156406
3,22.27,90398,2024-07-25 14:12:19,Early item,P007,407375
7,12.13,69063,2025-04-05 20:27:26,Eat item,P005,197352
1,24.73,63799,2025-03-24 19:29:24,Charge item,P000,289880
4,5.68,67004,2025-05-08 00:41:27,Meet item,P018,186279
4,24.73,50438,2025-01-08 12:26:00,Charge item,P000,419911
1,25.52,47904,2024-09-10 02:54:25,Job item,P015,494083
261,24.73,51254,2025-06-18 22:33:35,Charge item,P000,291503
9,22.4,64884,2025-06-25 00:19:37,Hour item,P011,335561
350,25.52,31211,2024-08-19 00:29:09,Job item,P015,783195
2,22.4,17103,2025-07-10 23:09:17,Pattern item,P019,855184
4,18.71,57734,2024-07-20 22:56:53,Us item,P004,461702
3,5.68,75208,2024-07-28 03:47:12,Meet item,P018,217384
3,13.53,63799,2025-05-02 10:47:35,Our item,P001,211464
5,26.76,84869,2024-12-21 07:08:12,Late item,P010,663110
2,11.4,67121,2024-12-18 15:35:56,Question item,P002,550748
4,11.12,52844,2024-12-22 20:10:00,Arrive item,P012,837273
8,22.4,41787,2024-08-12 09:43:08,Pattern item,P019,533716
3,25.52,66536,2024-09-17 17:00:31,Job item,P015,929595
1,21.22,92919,2025-04-29 01:45:35,Situation item,P013,586129
6,13.53,93038,2024-11-19 00:04:18,Our item,P001,624497
441,10.52,51254,2025-05-12 22:27:18,Care item,P008,371390
1,9.45,45910,2025-03-04 02:17:19,Area item,P016,559613
6,5.68,80453,2024-12-05 08:18:30,Meet item,P018,134109
3,20.37,16553,2025-03-13 21:59:39,Ready item,P009,694808
3,11.4,69063,2025-02-08 21:05:44,Question item,P002,145730
2,11.12,45910,2024-11-20 21:07:52,Arrive item,P012,861370
8,28.38,53778,2024-09-26 13:08:46,Stuff item,P006,865840
1,28.38,69063,2024-07-26 05:55:48,Stuff item,P006,341656
6,22.49,27151,2025-03-01 20:27:56,Its item,P017,558276
6,20.48,66536,2025-01-15 00:34:01,Role item,P014,140970
4,12.13,92919,2025-01-26 02:19:32,Eat item,P005,701970
2,21.22,53778,2024-07-23 20:00:29,Situation item,P013,552663
2,18.71,90398,2025-02-17 21:31:06,Us item,P004,110200
148,11.4,31211,2025-04-15 04:28:28,Question item,P002,308983
4,18.71,16553,2024-07-31 09:39:14,Us item,P004,476731
3,24.73,75208,2025-01-17 08:00:11,Charge item,P000,898346
4,24.73,67004,2025-01-16 11:44:02,Charge item,P000,119056
3,11.12,53778,2024-10-02 19:27:33,Arrive item,P012,405859
5,20.48,34159,2024-08-23 16:27:33,Role item,P014,216632
3050,123.65,51254,2024-11-03 03:38:34,Charge item,P000,646404
166,5.68,51254,2024-08-18 09:56:57,Meet item,P018,227211
396,26.98,11881,2025-04-17 05:30:01,Star item,P003,102778
6,5.68,57734,2024-11-21 00:37:30,Meet item,P018,991703
6,11.12,82974,2024-12-19 07:50:13,Arrive item,P012,877395
6,22.27,90398,2024-10-29 05:16:53,Early item,P007,618491
3,20.48,35203,2024-08-24 06:24:53,Role item,P014,710242
8,5.68,89121,2024-12-18 04:17:24,Meet item,P018,875959
1,13.53,67121,2025-05-13 19:15:41,Our item,P001,668094
4,20.37,63010,2024-07-26 20:16:24,Ready item,P009,983577
110,22.49,44358,2025-01-09 00:16:16,Its item,P017,370546
3,22.27,63799,2024-11-26 17:25:13,Early item,P007,124177
3,10.52,92919,2024-10-03 09:59:52,Care item,P008,361138
5,26.98,54106,2025-06-26 15:24:11,Star item,P003,858133
4,20.48,13786,2024-11-06 21:49:54,Role item,P014,200790
3,11.4,53778,2024-07-30 13:44:48,Question item,P002,794317
3,10.52,27145,2025-05-06 23:06:14,Care item,P008,248396
4,18.71,58434,2025-01-02 14:22:23,Us item,P004,298298
1,24.73,66536,2025-05-07 02:58:50,Charge item,P000,313336
1,22.27,43828,2024-12-22 04:50:20,Early item,P007,531086
1,20.48,57734,2024-09-28 21:26:55,Role item,P014,702673
5,22.4,67121,2025-06-28 21:43:33,Pattern item,P019,710276
3,11.12,27151,2024-10-23 19:31:46,Arrive item,P012,255472
6,26.98,68077,2025-03-02 02:16:29,Star item,P003,244649
184,24.73,11881,2024-10-18 08:20:47,Charge item,P000,840651
5,11.4,89121,2025-06-03 04:11:07,Question item,P002,259601
5,22.27,90398,2025-03-28 09:48:02,Early item,P007,725437
2,24.73,66536,2025-02-24 23:16:55,Charge item,P000,510079
4,13.53,90398,2025-03-18 00:42:11,Our item,P001,625123
2,25.52,54553,2024-09-14 08:44:34,Job item,P015,440537
6,20.48,69063,2024-07-17 18:29:45,Role item,P014,475926
1,21.22,35203,2024-08-19 22:47:01,Situation item,P013,333066
40,102.4,75208,2024-11-22 16:00:57,Role item,P014,408972
2,12.13,80453,2025-04-16 06:53:48,Eat item,P005,909070
8,22.49,69063,2024-11-04 08:51:39,Its item,P017,212389
1,21.22,84869,2024-09-17 21:59:15,Situation item,P013,758864
5,26.76,38931,2025-02-20 04:48:27,Late item,P010,118768
3,11.12,66536,2025-05-15 19:12:53,Arrive item,P012,133247
3,20.48,68077,2025-04-28 10:44:11,Role item,P014,329704
1,10.52,45910,2024-10-19 23:41:21,Care item,P008,124674
4,11.4,45910,2025-01-31 19:31:26,Question item,P002,354073
4,18.71,53778,2024-12-30 06:54:33,Us item,P004,131063
6,12.13,80453,2024-12-16 20:09:30,Eat item,P005,233328
4,21.22,67121,2024-10-12 07:11:19,Situation item,P013,193922
5,24.73,69063,2025-03-16 21:45:12,Charge item,P000,377339
30,112.0,89121,2024-12-01 00:34:32,Hour item,P011,871152
283,21.22,50729,2024-07-21 13:09:58,Situation item,P013,335288
1,20.37,66536,2024-08-27 00:43:57,Ready item,P009,148238
3,12.13,58434,2024-07-20 05:04:59,Eat item,P005,561170
4,22.27,64884,2024-11-24 10:54:13,Early item,P007,414411
6,24.73,93038,2024-10-01 13:44:55,Charge item,P000,192392
70,111.35,63010,2025-01-20 00:48:36,Early item,P007,623470
2,20.37,67004,2024-11-21 16:29:21,Ready item,P009,256133
5,22.27,66536,2025-06-13 07:55:06,Early item,P007,542347
1,25.52,80453,2024-12-28 08:37:45,Job item,P015,660734
5,12.13,51803,2024-09-06 18:33:49,Eat item,P005,893627
8,18.71,13825,2024-08-13 04:37:50,Us item,P004,800635
496,11.12,31211,2025-05-30 19:45:33,Arrive item,P012,103977
2,11.12,52844,2025-05-10 07:28:09,Arrive item,P012,837770
2,22.4,63799,2024-08-29 22:41:55,Hour item,P011,921215
3,18.71,34159,2025-01-02 14:29:45,Us item,P004,389471
2,22.4,82974,2025-01-14 16:36:19,Pattern item,P019,528626
4,20.48,89121,2024-09-29 15:33:06,Role item,P014,985322
9,22.4,27151,2025-06-15 07:37:39,Pattern item,P019,589770
1,12.13,82974,2025-02-22 07:41:17,Eat item,P005,770157
10,112.0,67004,2025-07-07 15:45:14,Hour item,P011,532832
4,9.45,82974,2024-08-10 23:16:43,Area item,P016,693101
1,20.37,16553,2024-12-26 03:15:22,Ready item,P009,231652
497,26.76,31211,2025-04-17 07:46:10,Late item,P010,951123
1,20.37,67004,2025-03-22 22:12:10,Ready item,P009,861327
1,11.12,63799,2024-09-03 15:32:23,Arrive item,P012,215828
5,11.4,90398,2025-03-05 19:49:03,Question item,P002,768150
1,10.52,54106,2025-02-06 04:25:37,Care item,P008,887700
1,12.13,59972,2025-05-17 20:28:57,Eat item,P005,702755
3,24.73,38931,2025-02-09 12:49:55,Charge item,P000,791981
5,20.37,27151,2024-08-02 10:36:42,Ready item,P009,192213
1,26.98,84869,2025-05-09 22:38:32,Star item,P003,742209
1,28.38,16553,2025-07-04 11:56:27,Stuff item,P006,184208
2,18.71,52844,2024-12-18 14:56:50,Us item,P004,102643
1,22.27,63799,2025-03-14 03:14:18,Early item,P007,453750
5,9.45,41787,2025-02-13 18:12:54,Area item,P016,627108
3,11.4,90398,2024-12-05 13:44:56,Question item,P002,390694
5,22.49,64884,2024-12-31 02:56:49,Its item,P017,524832
4,10.52,34159,2025-01-23 07:57:49,Care item,P008,119174
3,26.98,75208,2024-11-24 00:44:00,Star item,P003,145867
2,11.4,90398,2024-09-09 13:18:49,Question item,P002,489095
1,28.38,58434,2024-07-31 21:24:35,Stuff item,P006,392516
